timestamp,workload_type,message_rate,payload_size,batch_size,kafka_server_brokertopicmetrics_messagesin_total,kafka_server_brokertopicmetrics_bytesin_total,message_size_bytes,message_rate_variance,process_cpu_seconds_total,java_lang_memory_heapmemoryusage_used,node_disk_io_time_seconds_total,memory_usage_variance,kafka_network_requestmetrics_totaltimems,kafka_server_brokertopicmetrics_totalproducerequests_total,java_lang_threading_threadcount,request_rate_variance,node_memory_MemAvailable_bytes,node_disk_read_bytes_total,node_disk_write_bytes_total
2025-04-24T19:11:46.971529,N/A,N/A,N/A,N/A,N/A,N/A,N/A,N/A,N/A,N/A,N/A,N/A,N/A,N/A,N/A,N/A,N/A,N/A,N/A
2025-04-24T19:12:02.060372,0,0,0,0,N/A,N/A,N/A,N/A,N/A,220589536,N/A,0.20379763747038654,N/A,N/A,65.33333333333333,N/A,7275364352,N/A,N/A
2025-04-24T19:12:17.164170,0,0,0,0,67.85395845829169,141975.70600199932,2092.037372492725,160.0101083365751,2.150926529057812,217702746.66666666,0.06987012842732078,0.21560498475360912,0.04626420822688732,17.224570476507832,65.33333333333333,N/A,6092738560,10105.942141047859,2385596.986997289
2025-04-24T19:12:32.260753,0,0,0,0,93.57671265746852,196976.21612510827,2104.183138603811,220.6835002588034,2.6578178038449654,257910245.33333334,0.08331680000000008,0.2586193371395442,0.06676664667066587,23.88361127774445,65.33333333333333,N/A,5787303936,8192,2794291.2
2025-04-24T19:12:47.337481,0,0,0,0,121.89543581311294,256904.39383462214,2107.0838429628543,287.4248358543319,3.1040327004934034,258678096,0.13137422222222234,0.09802782471451578,0.0681124640772672,31.112031967528814,65.33333333333333,N/A,5704294400,5643.377777777777,4459178.666666666
2025-04-24T19:13:02.441324,0,0,0,0,150.57268957701407,317929.78953395993,2111.170114091519,276.05193952582806,3.6987673816312383,311451717.3333333,0.13297165511149647,0.2725536679855843,0.04229911623737906,38.48006288679267,65.33333333333333,0,5603958784,273.0666666666666,3193969.7777777775
2025-04-24T19:13:17.525884,0,0,0,0,179.92683377777777,379623.64766559994,2109.779073590474,276.61515219639995,4.1312464285704475,269850888,0.15879519111111112,0.3246444732948848,0.049710331747937035,45.93739613333333,65.33333333333333,0,5546913792,273.0666666666666,3496709.6888888883
2025-04-24T19:13:32.632863,0,0,0,0,209.22012903703703,441762.5200904444,2111.388350049192,276.53999757311925,4.538786641561612,297542554.6666667,0.1978603703703704,0.371658788261734,0.042300056301301125,53.52847318518519,65.33333333333333,0,5448183808,91.02222222222221,2629723.022222222
2025-04-24T19:13:47.734132,0,0,0,0,238.56992048300623,503989.60215949744,2112.3984534767987,277.0275328371586,4.971454833828156,323412621.3333333,0.22078081216737208,0.2062756806943403,0.07191473918871906,61.024535325543525,65.33333333333333,0,5361688576,0,4340828.01528753
2025-04-24T19:14:02.849673,0,0,0,0,267.97150453318227,566161.266300179,2112.718199964717,276.5222634513031,5.381025935344134,240205533.33333334,0.23002851101536706,0.18840490643560528,0.05710603501910969,68.55015455040387,65.33333333333333,0.21052396491251812,5351829504,0,2633799.444506166
2025-04-24T19:14:17.937837,0,0,0,0,297.16790218008543,628469.4520072587,2114.8196605283683,276.00362889149204,5.834719451482122,367838570.6666667,0.2786863550305327,0.14944289812066727,0.057098422572761875,76.05786371379897,65.33333333333333,0.21052396491251812,5338632192,0,5175226.506077643
2025-04-24T19:14:33.014763,0,0,0,0,326.5637045431819,690419.1316425008,2114.1680455494584,276.04759797143953,6.260741929408716,284577925.3333333,0.28699256877519247,0.1854795957588037,0.022224197706462796,83.6017547637301,65.33333333333333,0.21052396491251812,5342187520,2912.7111111111108,2627083.3777777776
2025-04-24T19:14:48.090369,0,0,0,0,356.039062256322,753159.2518265598,2115.3116472093593,276.05269402262246,6.641682756514477,306608837.3333333,0.3247012530137885,0.348431240067445,0,91.15189926426918,65.33333333333333,0.21052396491251812,5334806528,2912.646385635875,5177957.112064177
2025-04-24T19:15:03.203362,0,0,0,0,385.49567943412114,815152.2937193196,2114.390240142599,276.52659368699557,7.068604074052807,326520386.6666667,0.3290207938375072,0.17951145406393823,0,98.65549907878048,65.33333333333333,0.23771362896983642,5257719808,2912.5816630371983,2624600.1511043953
2025-04-24T19:15:18.320420,0,0,0,0,414.86095620989437,877419.8888217626,2114.8810948913724,276.03787754415407,7.495328419903925,320396840,0.37363198285528354,0.31178450999758217,0.007407242802011808,106.22088024641977,65.33333333333333,0.23771362896983642,5228875776,0,5155657.163174151
2025-04-24T19:15:33.432336,0,0,0,0,444.35963058198337,940436.2502235175,2116.337618753758,276.03353606319297,7.9416353166872256,314343432,0.3828689569759622,0.11090586007330484,0.007407407407407407,113.81089226022112,65.33333333333333,0.23771362896983642,5222412288,0,2612155.733333333
2025-04-24T19:15:48.538900,0,0,0,0,473.85986039014904,1002803.9642122948,2116.192143303115,276.086958579434,8.37595714190667,309007570.6666667,0.4280622177177428,0.36452756450712903,0.007408559850050748,121.37200785453552,65.33333333333333,0.23771362896983642,5210812416,0,5173200.124438914
2025-04-24T19:16:03.642208,0,0,0,0,503.39350892762894,1064925.82420518,2115.4432908516333,276.5696108467762,8.82312299305722,303976749.3333333,0.4367140922972067,0.28607704140400464,0.005259493014504618,128.88750615267523,65.33333333333333,0.2063056424357008,5205504000,0,2632239.1164248097
2025-04-24T19:16:18.745043,0,0,0,0,532.8720679513423,1127511.6708765023,2115.8747022911302,276.5363675520367,9.25933745031129,296315210.6666667,0.48766590708416496,0.3758330914036763,0.007407407407407407,136.41965240033568,65.33333333333333,0.2063056424357008,5194780672,0,5175954.6676740525
2025-04-24T19:16:33.839475,0,0,0,0,562.2840500872194,1190064.2657033405,2116.452298675957,276.31023854814435,9.698328352466147,396425109.3333333,0.5045525517096192,0.06315862095460452,0.007407242802011808,143.97849993889093,65.33333333333333,0.2063056424357008,5191536640,0,2623617.396715337
2025-04-24T19:16:48.954836,0,0,0,0,591.7382650016783,1252667.0152460816,2116.913253767689,276.0256100118765,10.095685980232208,284999536,0.5048998796520788,0.17396494764583126,0.037034568065832656,151.54267113907142,65.33333333333333,0.2063056424357008,5160005632,0,5174948.561270969
2025-04-24T19:17:04.039594,0,600,3477.26,0,584.2274791054099,1766573.9082532753,3023.777503513387,270.3497227300493,10.142553263670274,275301938.6666667,0.8634875634633535,0.3569139714389327,0.0571098420035113,157.01293324257372,65.33333333333333,17.249493751242266,5120286720,0,22782225.066666663
2025-04-24T19:17:19.161853,0,600,3477.26,0,578.9593720723786,3188155.729278143,5506.700267872294,254.81070623583855,11.147956348402003,356496706.6666667,1.3371601399263882,0.3174714959971093,0.06452138613568037,174.66605380332,65.33333333333333,17.249493751242266,5143797760,19113.81716368161,50150378.38318297
2025-04-24T19:17:34.279943,0,600,3477.26,0,572.6080076350073,4544115.4794861805,7935.822445540611,236.17366491630685,12.384149208029894,352479288,1.8989073914233388,0.25840918496841775,0.037037037037037035,191.33833678943728,65.33333333333333,17.249493751242266,5174435840,19752.26116135914,74641701.3711416
2025-04-24T19:17:49.458154,0,600,3477.26,0,566.6672514517288,5918392.929948598,10444.212039404842,223.62382900724785,13.457058664892699,367738389.3333333,2.5409902212928106,0.14973488235454271,0.02007407407407434,208.21389098436867,65.33333333333333,17.249493751242266,5131952128,20479.999999999996,82221283.55555555
2025-04-24T19:18:04.558162,0,600,3477.26,0,560.4474260371637,7289640.304833548,13006.822703027572,221.3456928582587,14.616188601441806,342966901.3333333,3.0862833022810294,0.17982547031587143,0.0497025992014995,225.1515746926402,65.33333333333333,116.86988781242461,5133389824,2275.7578451417903,82841681.92728242
2025-04-24T19:18:19.641115,0,600,3477.26,0,554.5902703461343,8668803.606954265,15631.00557379746,222.74329794788468,15.906952206053417,317677130.6666667,3.7038466531696383,0.1051037950275371,0.042298176215239465,242.16417255837618,65.33333333333333,116.86988781242461,5145419776,14200.728953684771,81138231.66503689
2025-04-24T19:18:34.735439,0,600,3477.26,0,546.4886980076773,9926149.592623003,18163.50389095065,216.7815437862927,17.256022988824807,310538672,4.5325679639584004,0.23675381753949737,0.05185646131507985,257.0299725608258,65.33333333333333,116.86988781242461,5140287488,25758.71647296727,86531811.4708562
2025-04-24T19:18:49.833224,0,600,3477.26,0,539.0836619836914,11213711.972463544,20801.43169466484,212.7396224049838,18.57441245239475,222110008,5.048367911916716,0.15566197035512502,0.06451851851851878,272.5575781392542,65.33333333333333,116.86988781242461,5142032384,33401.44428396844,81885051.34985
2025-04-24T19:19:04.938686,0,600,3477.26,0,531.4107467420824,12482891.809767088,23490.100428521437,206.80708961574425,19.90270696879502,322966749.3333333,5.495731623877644,0.2668953793208124,0.06666222251849878,287.7599141046604,65.33333333333333,134.44745937189768,5145518080,33675.97715707842,77637598.91562785
2025-04-24T19:19:20.056110,0,600,3477.26,0,524.882194222517,13831149.191412019,26350.959022146755,211.54284417055158,21.096845815609296,261021682.66666666,6.150418413712041,0.3683888291834784,0.05710476613709614,304.19679792844283,65.33333333333333,134.44745937189768,5128933376,23028.110486433634,73794262.70527323
2025-04-24T19:19:35.201081,0,600,3477.26,0,517.9594600758588,15154914.334235078,29258.88124915323,212.98630512040305,22.34199234971567,379985152,6.643111276412096,0.1863447678132706,0.009555343214594962,320.2387343291123,65.33333333333333,134.44745937189768,5149700096,14654.577777777777,74339487.28888889
2025-04-24T19:19:50.322663,0,600,3477.26,0,511.430105300832,16498629.734765416,32259.79378953579,216.87750653192728,23.56134036483824,377064896,7.302028399701055,0.12741437879151804,0.059259259259259255,336.7170421729657,65.33333333333333,134.44745937189768,5140287488,2002.3998933380738,78250147.10457313
2025-04-24T19:20:05.428400,0,600,3477.26,0,502.19996912324035,17675125.468414478,35195.39337939901,208.3201125499144,24.883322234749112,237550576,7.825531661070233,0.26057218814690014,0.05925662563145342,350.27578560300907,65.33333333333333,141.87562405556903,5144817664,4824.284984110758,73032028.62285829
2025-04-24T19:20:20.532712,0,600,3477.26,0,494.6544422339414,18962129.875825867,38334.09397920243,206.45422879443672,26.117901044838153,325806837.3333333,8.344795160769673,0.32809749430624,0.1015555555555558,365.6838699943509,65.33333333333333,141.87562405556903,5142904832,4823.96337940536,75719568.73027867
2025-04-24T19:20:35.619712,0,600,3477.26,0,487.1316240995646,20246044.722650092,41561.75399220647,203.53747336658623,27.32606842769043,307868026.6666667,8.91017543859649,0.29098758536040265,0.0497025992014995,381.1249785088473,65.33333333333333,141.87562405556903,5146411008,4642.236494144315,76289877.3750528
2025-04-24T19:20:50.717461,0,600,3477.26,0,480.14245364116425,21553954.856932335,44890.750012788376,210.7120276270764,28.518593229774584,291008765.3333333,9.58474412729601,0.26278075181570665,0.08674266835559336,397.1018052314872,65.33333333333333,141.87562405556903,5155471360,4642.030177107175,78574006.44430125
2025-04-24T19:21:05.818792,0,600,3477.26,0,472.84765423521856,22868402.7711989,48363.1515697929,211.43016540278649,29.75703775594835,380572872,10.184454198727735,0.16481438068408547,0.04229629629629656,412.8237246625474,65.33333333333333,145.2751585739375,5140275200,4642.133333333333,82086297.6
2025-04-24T19:21:20.914430,0,600,3477.26,0,466.01614719845054,24196000.36841717,51920.94847759306,213.270138508664,30.96272651279564,362973504,10.594513799709482,0.15279010558702785,0.07192113118384728,428.89022220818725,65.33333333333333,145.2751585739375,5147676672,4732.8400328866965,79279985.42319402
2025-04-24T19:21:36.015034,0,600,3477.26,0,458.36900534729335,25471376.980673954,55569.58843972228,211.0227116869324,32.209567910441216,325432946.6666667,11.214658142749874,0.179490246540232,0.0571085729523135,444.1130650797883,65.33333333333333,145.2751585739375,5144981504,1820.3635393982493,80138956.31305276
2025-04-24T19:21:51.101635,0,600,3477.26,0,454.0127647779146,26306406.59221131,57941.99774334402,214.11765082928574,32.6656690153412,306424408,11.42405018876928,0.25267639357225957,0.07933157040954673,454.0232909829019,65.33333333333333,145.2751585739375,5144305664,1729.3837914713008,78220939.09024245
2025-04-24T19:22:06.214608,1,466.6666666666667,90322.5714,10000,450.40929393725673,26089844.012168292,57924.74614389879,208.21291725680595,32.58246798445519,419107968,11.291029981930143,0.13623723111957195,0.0571136494955334,450.40578520226103,65.33333333333333,145.3134701501739,5172531200,4277.949378902691,71039900.44665673
2025-04-24T19:22:21.304653,1,466.6666666666667,90322.5714,10000,455.0918583598827,25051488.544020433,55047.10331295343,226.38940219588855,31.267475829696455,273549194.6666667,10.79045059332917,0.22633913026737382,0.029629629629629627,437.3833349707372,65.33333333333333,145.3134701501739,5167390720,2821.7515944798774,48100852.01893375
2025-04-24T19:22:36.401138,1,466.6666666666667,90322.5714,10000,461.2021627842514,23677688.210299537,51339.06586074678,245.08844818726612,29.961024903299208,266293866.66666666,10.16831401774718,0.49488693668431055,0.007407407407407407,420.58855520819077,65.33333333333333,145.3134701501739,5155708928,15838.218627080601,21583942.043156516
2025-04-24T19:22:51.495516,1,466.6666666666667,90322.5714,10000,467.2565999073697,22306602.4406675,47739.512818202296,271.64263884167445,28.775480119876445,377801285.3333333,9.608853084825688,0.1132595259907885,0.027480260136586793,403.6364401903131,65.33333333333333,145.3134701501739,5164875776,13198.51552256717,6853124.380541791
2025-04-24T19:23:06.594526,1,466.6666666666667,90322.5714,10000,473.1250328941598,20927438.732653808,44232.36412717012,276.5844164964737,27.47986661137604,276888258.6666667,9.024690621633855,0.3732684905542756,0.04970480825499853,386.5476044279925,65.33333333333333,145.36599368747503,5166895104,13106.908735361436,4773281.304859892
2025-04-24T19:23:21.655713,1,466.6666666666667,90322.5714,10000,481.22366348201666,19669975.211657014,40874.91265356714,276.55187224915807,26.114109907402423,389211152,8.180558235820426,0.04498372996966387,0.04969707742671375,371.730412296983,65.33333333333333,145.36599368747503,5152047104,0,3968031.286803102
2025-04-24T19:23:36.736819,1,466.6666666666667,90322.5714,10000,488.7563376081122,18382821.052262243,37611.42237505205,276.9282885187377,24.833083326325866,288614549.3333333,7.695006719227518,0.25605908271792743,0.02222172840603542,356.20427711794525,65.33333333333333,145.36599368747503,5147639808,5825.4222222222215,4653055.999999999
2025-04-24T19:23:51.844498,1,466.6666666666667,90322.5714,10000,496.6123163615821,17114041.74692898,34461.57330997061,276.9282885187377,23.48160690177997,402043304,7.226539885265172,0.05650134591258853,0.005259142389428653,341.0595677940232,65.33333333333333,145.36599368747503,5153525760,7281.615964089687,3188346.57007622
2025-04-24T19:24:06.935678,1,466.6666666666667,90322.5714,10000,502.99470531889136,15765427.637603812,31343.128408496388,276.5461435892893,22.305548712490648,298779474.6666667,6.607322053880325,0.15256179727516878,0.005259843686335788,324.5930744588653,65.33333333333333,144.39362029340361,5150654464,7282.101426730077,4341315.791812969
2025-04-24T19:24:22.025137,1,466.6666666666667,90322.5714,10000,509.90863286129314,14441354.837125093,28321.45585786439,276.1382926233687,21.142326119376904,405545704,6.093885413340725,0.14720561590463355,0.005259259259259528,308.51847693365704,65.33333333333333,144.39362029340361,5150183424,5187.805528397477,3181125.944360502
2025-04-24T19:24:37.114863,1,466.6666666666667,90322.5714,10000,516.4699442814838,13098838.756649029,25362.247893964508,276.1635826229188,19.939466191902934,304643117.3333333,5.491872015382294,0.06256924016917773,0.022221728406035424,292.1573030553957,65.33333333333333,144.39362029340361,5150572544,7827.911111111111,4632849.066666666
2025-04-24T19:24:52.224636,1,466.6666666666667,90322.5714,10000,530.2627387945275,11156159.646965578,21038.92812142039,275.85288879144514,18.52925886532069,338654965.3333333,4.93449444588687,0.34081067310467605,0.03333555570371358,269.3905971066882,65.33333333333333,144.39362029340361,5144752128,7825.998089355935,2905902.2905511986
2025-04-24T19:25:07.329732,1,466.6666666666667,90322.5714,10000,538.2034207154021,9800599.762223987,18209.84294227752,275.78083735733213,17.294345229683255,303264696,4.463493110550489,0.15502630995549094,0.011111481493827574,253.06479211265102,65.33333333333333,142.8356927553386,5142032384,6190.06133878567,4796387.234420837
2025-04-24T19:25:22.442083,1,466.6666666666667,90322.5714,10000,545.5622879661041,8419998.085213553,15433.614586161952,276.47603319242023,16.1072590712383,225189741.33333334,3.862401931200965,0.24614210146392393,0.011110370419749794,236.22983363209437,65.33333333333333,142.8356927553386,5144322048,2912.7111111111108,2618163.1999999997
2025-04-24T19:25:37.559021,1,466.6666666666667,90322.5714,10000,555.0339291102644,6727661.322919518,12121.171283536045,276.5327381762341,14.861723772213502,310812138.6666667,3.2346800933316957,0.2580788142729935,0,215.95685704862353,65.33333333333333,142.8356927553386,5140856832,2913.2290184921762,4899231.863442389
2025-04-24T19:25:52.651404,1,466.6666666666667,90322.5714,10000,561.7629411826625,5399624.2890375815,9611.926834600226,276.03353606319297,13.64899489217625,231634784,2.589095553380137,0.12115249365262691,0.027481481481481745,199.87298290181434,65.33333333333333,142.8356927553386,5148696576,819.1635927292122,2639072.0412426116
2025-04-24T19:26:07.747638,1,466.6666666666667,90322.5714,10000,569.500778936436,4124290.859075662,7241.940681412113,275.9898428799011,12.426773617962764,363935922.6666667,2.225224118875106,0.1483278619893461,0.049701494748381835,184.67460105823076,65.33333333333333,140.9710912005131,5150748672,0,5171149.942227359
2025-04-24T19:26:22.874753,1,466.6666666666667,90322.5714,10000,575.5994694774072,2764822.5170349684,4803.379196205966,275.51764544932644,11.22153689236181,280181282.6666667,1.583141230092316,0.1622612355527619,0.04970701750487097,167.99531231359782,65.33333333333333,140.9710912005131,5154877440,0,2611336.533333333
2025-04-24T19:26:37.999380,1,466.6666666666667,90322.5714,10000,584.4768724978685,1559256.4393155256,2667.781246248049,276.0299513795499,9.934876742043839,408662024,1.0463011045458996,0.09928984648673457,0.022220247089147636,153.8804310069577,65.33333333333333,140.9710912005131,5146726400,0,5167921.070174659
2025-04-24T19:26:53.107806,1,466.6666666666667,90322.5714,10000,585.9637057725505,1241613.9843651317,2118.9264320187785,275.5411802303668,8.927952520323606,320712032,0.6715695218312718,0.17619208279984172,0.02007407407407434,150.23648790894163,65.33333333333333,140.9710912005131,5153689600,0,2637823.9999999995
2025-04-24T19:27:08.216546,0,600,3497.08,0,581.4705005175348,2289009.11212084,3936.586826130508,262.617664172432,9.188770780781175,326951581.3333333,0.760334870143084,0.22668090752077338,0.022220740839499587,163.36555499026335,65.33333333333333,138.91001308637544,5135749120,0,9570743.344740234
2025-04-24T19:27:23.325666,0,600,3497.08,0,575.4410464414534,3661997.5438941205,6363.810101034737,244.6643832768405,10.38293269028154,362426712,1.290161857945356,0.16509793683020882,0.0222227160603569,180.34132854275728,65.33333333333333,138.91001308637544,5136044032,273.07880350237787,32830444.01973421
2025-04-24T19:27:38.459206,0,600,3497.08,0,569.5057981438922,5044782.891528219,8858.17652422495,227.44744345366396,11.55068881820669,281396013.3333333,2.057178546115467,0.19887398014132301,0.0021481481481478784,197.38250206136735,65.33333333333333,138.91001308637544,5137235968,2912.905304798098,58897397.78207436
2025-04-24T19:27:53.533070,0,600,3497.08,0,563.7874954824721,6431779.060424348,11408.161961662932,223.76054327845932,12.649071686269187,293218341.3333333,2.693997277231197,0.14836900309013346,0,214.5957382605675,65.33333333333333,138.91001308637544,5125488640,4460.188004177871,80320339.91866487
2025-04-24T19:28:08.631948,0,600,3497.08,0,556.3399555090842,7735408.446256517,13904.103722297205,219.89938211792588,13.956545998328957,234730306.66666666,3.2066441639006045,0.2504989294742815,0,230.24048954042428,65.33333333333333,146.3772657955824,5142233088,4277.854317585885,80058132.17190348
2025-04-24T19:28:23.720254,0,600,3497.08,0,550.5763056788478,9125387.010754198,16574.245779615976,220.4133801907535,15.060588332290044,257744736,4.018890962933853,0.2000472042114743,0,247.42723811862953,65.33333333333333,146.3772657955824,5132054528,4641.927025465535,84774512.0661304
2025-04-24T19:28:38.850962,0,600,3497.08,0,544.5448676565527,10493899.202150052,19270.954195768147,219.10203454673146,16.204362169769578,337265242.6666667,4.635880090942262,0.27965259508056445,0.005258090794638497,264.2483229011704,65.33333333333333,146.3772657955824,5122396160,3093.861773265501,84854891.87568036
2025-04-24T19:28:54.009678,0,600,3497.08,0,537.5628034917337,11813648.107474666,21976.312406176985,220.08791506962996,17.367469109523395,328063736,5.241792594827675,0.26641746368149616,0.007405103597399327,280.26145900581014,65.33333333333333,146.3772657955824,5118394368,3002.865838757692,86817583.18707928
2025-04-24T19:29:09.146701,0,600,3497.08,0,530.1421238944263,13107623.250641156,24724.734481298143,215.17796354213652,18.580425873204117,288912104,5.7979861768936605,0.3074340907478832,0.007402636819235011,295.7692618047735,65.33333333333333,149.82458875898408,5126279168,90.96158116811014,79514430.02442816
2025-04-24T19:29:24.221585,0,600,3497.08,0,524.1180907607837,14476637.742733348,27620.946496465676,215.10010586839718,19.769753713623263,409527018.6666667,6.34349827387802,0.09365213070579917,0.0021472415350553,312.56863192239547,65.33333333333333,149.82458875898408,5125894144,3275.635329660565,75053813.39968012
2025-04-24T19:29:39.337443,0,600,3497.08,0,517.69601032852,15829833.785907745,30577.46915194969,216.76984728097975,20.941261131098546,395060186.6666667,7.043943513726869,0.1485130920604931,0.022213336887467235,329.13737212141626,65.33333333333333,149.82458875898408,5135572992,3457.3846598103023,74306293.07625669
2025-04-24T19:29:54.400738,0,600,3497.08,0,511.65817651103725,17199145.069394745,33614.522075410896,220.80720154375055,22.05702681467309,321266746.6666667,7.747442428324844,0.18406966618297615,0.022220247089147636,346.05102513366734,65.33333333333333,149.82458875898408,5138329600,3549.7089018265856,79127835.38509399
2025-04-24T19:30:09.500030,0,600,3497.08,0,503.95742262326604,18477251.043735135,36664.30974973024,216.34891597736004,23.341026444652282,313409461.3333333,8.314359188456237,0.12300503972555894,0.029628971208047226,361.3077738094403,65.33333333333333,150.3166241094418,5137461248,3549.4722808576817,80875271.9920009
2025-04-24T19:30:24.632499,0,600,3497.08,0,497.21085905541094,19813370.247058246,39849.029614315354,215.3699157251592,24.56011683929742,241311352,8.973666299459014,0.20134132630748744,0.012666103728723439,377.5935502431289,65.33333333333333,150.3166241094418,5136228352,6371.413968578478,80512372.61394192
2025-04-24T19:30:39.787780,0,600,3497.08,0,490.1327907099128,21120391.965898924,43091.162979134606,211.7596165085872,25.79040131815945,233857829.33333334,10.215587559422529,0.175409488471958,0.0126669481544037,393.32362692300944,65.33333333333333,150.3166241094418,5117009920,6280.393769027356,78209743.60569766
2025-04-24T19:30:54.849225,0,600,3497.08,0,482.99331661024087,22426849.207992002,46433.042521972835,213.39583800090873,26.99592294549789,294184376,11.43801397737798,0.4179532297215503,0.012665822278515036,409.1181784693108,65.33333333333333,150.3166241094418,5102682112,4642.236494144314,86733180.02622281
2025-04-24T19:31:09.953998,0,600,3497.08,0,475.72771254258225,23725430.491480052,49871.86969764012,211.367311466681,28.350870326464133,255241210.66666666,12.137456803550439,0.41846049521470907,0.007407407407407407,424.6115416595039,65.33333333333333,146.93620093435516,5114081280,1820.4039910224217,78500553.14326347
2025-04-24T19:31:25.046613,0,600,3497.08,0,468.7351990822115,25039945.922051135,53420.23805995284,212.14355706546317,29.617120447293818,388492736,13.386169320745317,0.09825860552202483,0.04444246922359007,440.63669820687426,65.33333333333333,146.93620093435516,5123833856,7099.733333333333,78494651.73333332
2025-04-24T19:31:40.220029,0,600,3497.08,0,460.81169264017626,26299438.78274171,57071.98667651336,209.30825852585198,30.9190403441866,281201626.6666667,15.089831703697469,0.2713056451245424,0.06666814818107068,455.5316207890989,65.33333333333333,146.93620093435516,5094440960,8828.959356458747,71726283.77147175
2025-04-24T19:31:55.325360,0,600,3497.08,0,457.54571352390576,26522127.48214261,57966.07136339588,208.33058774036797,31.904058144142013,275121821.3333333,16.916929208445307,0.16541407946621964,0.07192272936017685,457.5527301814508,65.33333333333333,146.93620093435516,5119918080,8737.939156907623,76657758.18315148
2025-04-24T19:32:10.441621,0,600,3497.08,0,456.94929763257977,25950157.85374479,56790.01584681412,209.4723834998058,32.040899879765355,208187640,18.45262736898238,0.16957158327866673,0.03703539101965839,449.5712822239998,65.33333333333333,143.8474071463657,5104619520,6917.227740372865,75867971.82410063
2025-04-24T19:32:25.550108,1,466.6666666666667,90215.8478,10000,463.04865684104175,24567438.86933977,53055.84738532874,234.12577926361243,31.194343659289686,300183994.6666667,18.544479878192114,0.288755887882474,0.00740691361316653,432.51227033683347,65.33333333333333,143.8474071463657,5115166720,3640.646179143613,51903600.38219675
2025-04-24T19:32:40.643592,1,466.6666666666667,90215.8478,10000,468.7742293105808,23180933.626160815,49450.10236644764,257.2859107097154,30.035037170133773,310750877.3333333,18.47753632848953,0.33780678713073353,0.0021480049478180244,415.33204461175217,65.33333333333333,143.8474071463657,5112995840,3549.6300246650226,35250192.56494012
2025-04-24T19:32:55.717339,1,466.6666666666667,90215.8478,10000,476.08389056897676,21877360.032697394,45952.74166187676,277.03304275104165,28.719047278483497,347860901.3333333,18.065788181142032,0.21093765265344283,0.03488811359747589,399.708109094226,65.33333333333333,143.8474071463657,5115342848,0,11166515.2
2025-04-24T19:33:10.782558,1,466.6666666666667,90215.8478,10000,481.8584319173719,20487435.425700616,42517.54056513794,276.578270176107,27.51132584360508,295936394.6666667,17.29857736769169,0.13610538177364284,0.03488888888888916,382.4639694635064,65.33333333333333,148.54885649301383,5116682240,0,8180257.611449398
2025-04-24T19:33:25.861585,1,466.6666666666667,90215.8478,10000,488.1992807648453,19119790.088588726,39163.90466334649,277.1038930495484,26.338681750843687,218142794.66666666,17.036228782339606,0.25726298932516334,0.0348904395750925,365.66266117007285,65.33333333333333,148.54885649301383,5112012800,0,4835604.862546393
2025-04-24T19:33:40.940673,1,466.6666666666667,90215.8478,10000,495.18810762640203,17800526.532946467,35946.99924897265,277.12916271485926,25.166420630477564,304619848,16.505862623058956,0.24101639210395778,0.029630288080475863,349.7577388491455,65.33333333333333,148.54885649301383,5109940224,819.1453903073129,4577475.457191743
2025-04-24T19:33:56.019155,1,466.6666666666667,90215.8478,10000,502.58412892224464,16506123.045237167,32842.50754323134,277.04783711571054,23.92546980561465,214606312,16.12387107639839,0.04817757363587896,0.02962831281572671,334.15085137662317,65.33333333333333,148.54885649301383,5110362112,819.1817959600899,4900345.503433257
2025-04-24T19:34:11.101722,1,466.6666666666667,90215.8478,10000,508.7436755717423,15137196.448495822,29754.07297493017,276.43161099186096,22.745558391622506,336388736,15.829675554105311,0.21588079351053574,0.029629629629629627,317.3933180354098,65.33333333333333,152.0761202442778,5109686272,819.1453903073129,3489741.39501811
2025-04-24T19:34:26.183783,1,466.6666666666667,90215.8478,10000,515.0328586114824,13784166.022827348,26763.66331264604,276.00900192968817,21.560879927137623,239017408,15.296924615357627,0.041853918921876156,0,300.84663993066886,65.33333333333333,152.0761202442778,5104750592,0,3394005.4224632205
2025-04-24T19:34:41.285877,1,466.6666666666667,90215.8478,10000,521.2486754664815,12414919.601692595,23817.652084357054,276.5302224359826,20.40949888335062,348578581.3333333,14.88109022266198,0.28991266520572956,0,283.9940211785015,65.33333333333333,152.0761202442778,5105373184,0,4333648.460068441
2025-04-24T19:34:56.387449,1,466.6666666666667,90215.8478,10000,528.9465558861506,11137192.103379555,21055.420400122053,276.6645824307875,19.062708216383175,290338058.6666667,14.310676341384681,0.07366957035540549,0,268.7468421939033,65.33333333333333,152.0761202442778,5111373824,0,2623806.5777777773
2025-04-24T19:35:11.520763,1,466.6666666666667,90215.8478,10000,535.7045114839688,9801021.006575301,18295.57301921024,277.0872591595989,17.85522595925212,391186122.6666667,14.153790015858982,0.2214547002319006,0,252.50696476565406,65.33333333333333,152.91730140480144,5107908608,0,4552031.283327408
2025-04-24T19:35:26.617191,1,466.6666666666667,90215.8478,10000,542.8357899981404,8493843.491563365,15647.169269352085,276.2116222154918,16.641124265135982,282642050.6666667,12.9120088699887,0.12801358347132777,0.022222222222222216,236.77664057374028,65.33333333333333,152.91730140480144,5109010432,0,2761006.733183707
2025-04-24T19:35:41.837857,1,466.6666666666667,90215.8478,10000,550.102629778425,7187211.027876705,13065.218449822047,276.55731886407193,15.401970180487849,221730613.33333334,12.14921791120187,0.36432025147543945,0.027481481481481745,220.95401835055526,65.33333333333333,152.91730140480144,5114839040,1456.3231928179375,5194977.889380236
2025-04-24T19:35:56.951964,1,466.6666666666667,90215.8478,10000,557.563296468871,5888652.63431202,10561.406519413504,276.62882949756823,14.056374421643715,321177976,11.45164855600038,0.08640150645358183,0.049701494748381835,205.48896873070228,65.33333333333333,152.91730140480144,5106507776,1456.4850208907458,2497325.628944795
2025-04-24T19:36:12.038390,1,466.6666666666667,90215.8478,10000,564.3655374467115,4574095.91059806,8104.846251406616,276.42113533584336,12.79793488639634,203990261.33333334,10.639350474372645,0.05131860750770259,0.03488888888888916,189.4563253276258,65.33333333333333,150.79228502831074,5113286656,1456.2908315185994,5054967.5125549985
2025-04-24T19:36:27.145597,1,466.6666666666667,90215.8478,10000,572.4505978779544,3314299.093358783,5789.6683235980945,276.0317436417155,11.505015513925974,351925354.6666667,8.934135182170323,0.0837434053420383,0.051849547427521736,174.57755571773424,65.33333333333333,150.79228502831074,5103759360,0,2620628.1359020513
2025-04-24T19:36:42.257021,1,466.6666666666667,90215.8478,10000,580.0348763363706,2043775.244116811,3523.538544829839,275.4198275735607,10.241886244664517,223882213.33333334,7.433475551563467,0.03133318607475717,0.029628971208047233,159.34345472216472,65.33333333333333,150.79228502831074,5102723072,0,5173473.178969824
2025-04-24T19:36:57.366691,1,466.6666666666667,90215.8478,10000,586.8247925474992,1242541.615059385,2117.397953936669,276.52407759303264,8.994543244320395,365619181.3333333,5.332870185189083,0.15342084200909253,0.03488733834051847,150.42543113278717,65.33333333333333,150.79228502831074,5095903232,0,2617467.8784915893
2025-04-24T19:37:12.475158,1,466.6666666666667,90215.8478,10000,584.3491014224262,1653546.9744496606,2829.7245095861126,269.6478693736127,8.874058168932555,215593794.66666666,4.99500008771776,0.184018119706137,0.04229535639948769,155.60725037367632,65.33333333333333,146.56018804234208,5111762944,182.04444444444442,5171791.644444444
